,val_loss,val_acc,loss,acc
0,0.2672449213007222,0.9040979509708704,0.4470273122669313,0.8277800682274838
1,0.24844026777936123,0.9099950025047081,0.27056578437642176,0.9017153280134279
